Fault Current (kA),Predicted Fault,Confidence,Optimal TDS,Pickup Current,Operating Time (s)
2,LLG,0.26,0.05,0.5,1.2489878053825698
3,LLG,0.26,0.05,0.5,1.1918596227060254
4,LLG,0.26,0.05,0.5,1.1648386808890423
5,LLG,0.26,0.05,0.5,1.1485299312094208
6,LLG,0.26,0.05,0.5,1.1373793509178973
7,LLG,0.26,0.05,0.5,1.129153901164198
8,LLG,0.26,0.05,0.5,1.1227681612886093
9,LLG,0.26,0.05,0.5,1.117625408817318
10,LLG,0.26,0.05,0.5,1.1133678183623532
